id,status,create_time,execution_start_time,execution_end_time,outputs_count,workflow_name,error
15536cf7-46bc-41e9-846c-73b6c8944fbb,completed,1788742077651,1788742079571,1788742182013,2,,
7c0cbee5-ff6b-4bdb-b6d8-b5d984cca576,completed,1788740902494,1788740910719,1788740987492,12,,
1006a5e2-6490-42dc-8f2f-3869d92a520a,completed,1788735777729,1788735785715,1788736678846,1,,
158c3827-af9c-4d41-bd2b-92b287ab65cd,completed,1788735382464,1788735385591,1788735768894,1,,
b29e3d31-ad59-4810-87eb-eebffae0c8b5,completed,1788734795019,1788734803326,1788735378533,1,,
7bde9d95-c417-439f-9245-3a9d7bc40fa8,completed,1788733978056,1788733981067,1788734787561,1,,
dcf83e21-5029-42b8-a67c-280f3f289888,completed,1788733862709,1788733866388,1788733971433,1,,
3a235208-f5e3-4c56-abf8-d76ac6851198,completed,1788732949407,1788732953309,1788733893554,1,,
19cbd715-9a30-4331-9cce-8af9ccff619c,completed,1788732411592,1788732414634,1788732941615,1,,
bd8d2ca6-0aaf-45d4-b7c9-d27458e1af07,completed,1788731960954,1788731964260,1788732402797,1,,
64c9a54c-3284-4e74-a97f-556dd6534b74,completed,1788729553220,1788729556205,1788729856894,1,,
409fca06-93b5-4a62-ab85-aafd660654e3,completed,1788729232741,1788729235825,1788729543937,1,,
99ef3733-009b-4ea1-82c6-27ab22163b18,completed,1788728992842,1788728996218,1788729227942,1,,
71da44a3-4605-41e6-8369-0fbe170225bb,completed,1788728175264,1788728179130,1788728986253,1,,
ce6e7599-3ba2-4901-8a2b-e9b226b74a96,completed,1788728159292,1788728162354,1788728170262,1,,
9a830af8-24e1-4399-b0e8-9cc23c0fe609,completed,1788728025160,1788728027974,1788728155445,1,,
94e6d636-7f6a-43db-8cc0-df120116f039,completed,1788727110063,1788727114311,1788728273439,1,,
eec2a12e-9d85-4e3b-ae84-b18dc30f5292,completed,1788726522222,1788726525195,1788727106171,1,,
5455ee89-4164-4db6-8c99-57d9e0d6284f,completed,1788725878495,1788725881735,1788726517390,1,,
30c9e7c3-8f3d-4f57-a8b8-a28165c1c3db,completed,1788725564001,1788725567730,1788725871560,1,,
d0b44d43-a1cf-4dcd-8b23-f4d17203cddb,completed,1788725480046,1788725484203,1788725556285,1,,
d341c29c-3cac-4ca1-bbe2-40ed7214fd4b,failed,1788725454778,1788725457986,1788725465904,0,,
c54b6317-8502-48ed-b281-79236e41931b,completed,1788725103170,1788725106233,1788725447884,1,,
927bd5a3-4607-4cc9-b977-4538bb7ea922,completed,1788724608424,1788724611854,1788725096638,1,,
8428dda8-a09b-4ac2-ac1c-db7b2bbd0e5c,completed,1788724076617,1788724079447,1788724603941,1,,
403c8190-a1c1-4fec-8c3f-1ea2bf25ca6e,completed,1788723619135,1788723627556,1788724068983,1,,
e9e4b9a5-d934-4c45-978e-41afe1f9ce0b,completed,1788723224032,1788723226949,1788723613164,1,,
0e8e6eaa-7c1a-485a-a3c6-f124af6319ab,completed,1788722729232,1788722732549,1788723215416,1,,
d7f09d9b-2bcc-4dfc-97e2-4b50e03bb198,completed,1788722141632,1788722146198,1788722721424,1,,
d10eb8a6-709c-40f8-ae3c-4ccbc47a9629,completed,1788721734033,1788721791209,1788722137293,1,,
8bd8a143-5d76-4e74-9d19-8d00d6950dc8,completed,1788720256473,1788720260212,1788720431233,1,,
ae46b82a-64ed-41ed-bf86-e19128648586,completed,1788720079337,1788720082637,1788720249720,1,,
36099442-3fec-4dbc-b15e-f6005d4e8348,completed,1788719852374,1788719901357,1788720071869,1,,
c53376fa-de0a-4b75-9db2-0cfc14cac182,completed,1788719830607,1788719834113,1788719844308,1,,
a5aa68ef-7dca-48e7-bb2e-66b9d39f18ae,completed,1788719814742,1788719818485,1788719826393,1,,
c8095800-6ef5-46e6-af20-83b940bc5cee,completed,1788719799205,1788719801905,1788719809836,1,,
61576225-fa0f-406f-ac24-47ee59ffeebe,completed,1788719771185,1788719775268,1788719794924,1,,
402ae168-e65e-45d7-b906-968be151ee6d,completed,1788719562846,1788719566960,1788719764250,1,,
a2e640db-be56-4479-a5a4-cdd427e6783a,completed,1788719286128,1788719290552,1788719558746,1,,
6ebcf673-cbb9-47a9-a368-3003f6e4f87c,completed,1788719109060,1788719111872,1788719278484,1,,
56fd12f0-4363-47f2-96e6-8f3120cd33ef,completed,1788718906637,1788718909180,1788719103879,1,,
aedcf3c9-0775-434b-84f3-048282d4d5b7,failed,1788718878387,1788718881372,1788718886732,0,,
d0f177bc-49c4-429e-b750-c50590c33648,completed,1788718567515,1788718571590,1788718770943,1,,
ed4a955c-cb4e-4b39-9ef5-9ae877a2c164,completed,1788718473906,1788718477542,1788718499349,1,,
a15df23c-1744-4051-8647-a6b4c32667bd,failed,1788716482674,1788716485447,1788716485918,0,,
b01b523b-4aa2-4dcf-bad7-64218b7a6515,failed,1788716396907,1788716400801,1788716401270,0,,
99ad3472-40fe-41ec-9697-c972608fe1e9,failed,1788716372814,1788716376352,1788716379327,0,,
43a2ce10-2404-4089-bf1f-f1996ab845c6,completed,1788714265280,1788714268554,1788714497440,1,,
08f34dd2-a15c-4493-9bb4-d87695e910d5,completed,1788713812642,1788713816537,1788713905099,1,,
99c5ecdd-eff7-45b5-b1af-c77a78d88d87,completed,1788713812632,1788713816154,1788714045909,1,,
cfb1ada7-f4bd-4537-8258-3db5e7b059c3,completed,1788713812570,1788713815506,1788713955878,1,,
f28bf8b3-5fd6-4ab1-b9b6-d511ec518f7e,completed,1788707376833,1788707380822,1788708075702,1,,
7172a02e-ef07-4825-89b0-8cf4385b2fc8,completed,1788707376806,1788707380217,1788707859930,1,,
6681d6e0-10b5-46cc-9d37-5e99079e5b6c,completed,1788707376782,1788707379846,1788707721663,1,,
45fce5df-9da1-423f-87e7-37ee063e6ccc,completed,1788705963525,1788705966469,1788706594411,1,,
b3823b75-5848-4e11-aff1-e0ae14d3dc77,completed,1788704878602,1788704881689,1788705571787,1,,
dfe25e62-7e06-4bda-95ac-1245347feabe,completed,1788704259176,1788704262052,1788705650567,1,,
f2d3542c-9d0b-4934-8402-6d8ff55907b4,cancelled,1788704200014,1788704202861,1788704207352,0,,
5aabeae4-d03f-488e-a0b8-7f19461a8960,completed,1788704128678,1788704131762,1788704570407,1,,
9b65d6ee-a48a-487f-8617-666f049fe816,completed,1788702884614,1788702907752,1788703737590,1,,
b5a6fc73-cd3c-4b2c-8dd7-45a6288b85bf,cancelled,1788702820767,,,0,,
97725210-0412-47f3-85c9-1a5a55c117af,completed,1788702309922,1788702313093,1788702551437,1,,
f27dc400-93a1-49c9-909f-16d5c75dfe96,completed,1788701003586,1788701027477,1788701988818,1,,
90de06fd-d07f-4e98-b1c6-3ac74cc872f6,completed,1788696043687,1788696046351,1788696792837,1,,
ca18534f-5bf8-4636-aa43-5f51464d9ee5,completed,1788695996984,1788696053013,1788697082445,1,,
2c6785a7-4b0c-4a99-a704-18447d2721d9,completed,1788666146912,1788666150160,1788666675783,1,,
0b4e2401-5c15-41f8-9acd-384aa6c6cf57,completed,1788663538895,1788663542308,1788664251072,1,,
8c9e5de3-98e3-40da-a8e2-7a8321df4c40,completed,1788644575083,1788644578105,1788644969207,1,,
cfff2b45-02a7-4114-aff1-45e792a3d09b,completed,1788640721321,1788640724033,1788641025568,1,,
d85819c0-c263-4a3b-b1b8-563b93c8186b,completed,1788640315375,1788640317956,1788640661442,1,,
a4e2b487-f888-461b-8a1c-72c9d6bc47b1,completed,1788639950725,1788639953685,1788640254837,1,,
caebe358-ed46-4d75-942e-a0eef64d4b15,completed,1788639689009,1788639691794,1788639887701,1,,
a5266ada-6540-42f8-a3af-18299625a65e,completed,1788639052407,1788639055129,1788639627841,1,,
7ed1bf4b-2108-47f3-951e-ee32bee4b43f,completed,1788638823516,1788638826111,1788638991955,1,,
a153678d-1077-42b7-b599-a8484f5cd0af,completed,1788638595355,1788638597941,1788638765309,1,,
2a1148b1-8b4c-4498-bf5f-5f61336473e5,completed,1788638367156,1788638370029,1788638536085,1,,
f0576aeb-0764-432b-9a16-9d6c47db41e2,completed,1788638235883,1788638239219,1788638307637,1,,
49abc7b4-5e3d-44ab-a11e-cdd50dc541a0,completed,1788638126281,1788638129617,1788638179527,1,,
3c919302-7775-47fa-ab86-395f2ccc8b9c,completed,1788638015600,1788638018134,1788638067737,1,,
e1de887d-e05a-40a3-bf87-eeb79a19b281,completed,1788637816198,1788637818690,1788637958731,1,,
1e4032db-482a-4c05-97db-dcacd297212a,completed,1788637557949,1788637560510,1788637761334,1,,
0c49feb6-0d15-4cc3-9493-a41e90a1aa88,completed,1788637234296,1788637237672,1788637502276,1,,
14f40fa0-9769-4645-bf4f-99b032bdc91a,completed,1788637009359,1788637011992,1788637178702,1,,
1852ac63-87c3-4b81-9ea1-2ad30d41c55b,completed,1788636752916,1788636756250,1788636952861,1,,
b5aefa88-ac1d-4743-b0f2-c5578be0f514,completed,1788636495768,1788636498364,1788636699752,1,,
d27c68b5-a10b-4dda-8c1f-d82e6c86763f,completed,1788636352131,1788636355050,1788636443355,1,,
3f6187b1-a323-4581-b8a0-dcbe8ab6cb44,completed,1788636065434,1788636068322,1788636297629,1,,
dd77ab0e-71dc-4950-8f0d-c3c7f80b2850,completed,1788635869308,1788635872264,1788636012728,1,,
494e6a93-9aa1-4d91-8722-37f81f5e517a,completed,1788635580636,1788635583384,1788635812865,1,,
e698689a-5586-493f-b5c8-e733cd567132,completed,1788634132263,1788634134745,1788635521936,1,,
cb0146ce-a968-45c2-b6e4-fa24a03a81be,completed,1788633333403,1788633336375,1788634077455,1,,
a871a41d-d22f-4c67-b610-734f4b3803c0,completed,1788632478457,1788632481366,1788633282403,1,,
76958854-d25a-46ea-ac54-063dfefe7a66,completed,1788632376465,1788632379432,1788632430059,1,,
c34ebf0d-7e59-4ae0-b10d-98da8327005c,completed,1788631845612,1788631848173,1788632324449,1,,
ccf54494-fb36-42e9-bbf6-cd9cd3a2d1a8,completed,1788630640769,1788630644302,1788631795542,1,,
fe71c320-8f5f-4653-bc84-fc8a825cdaca,completed,1788629693313,1788629695931,1788630592086,1,,
4b008a7a-a24c-4635-8214-fc75243bdd6f,completed,1788629064925,1788629068273,1788629645910,1,,
867b383e-6404-4cb0-8d33-c98fe14636dc,completed,1788628379383,1788628382018,1788629014840,1,,
7760545d-00f1-438f-937c-8113e5de9c16,completed,1788628030998,1788628034157,1788628335961,1,,
f020a9a9-c06e-4e34-bc3f-bbb9f4278a7d,completed,1788627353627,1788627356397,1788627988436,1,,
c3399162-cbe2-40c2-aa4f-36a3d12b9204,completed,1788626965644,1788626968567,1788627310699,1,,
4bec4e42-0c4a-4508-9329-ac3638256c7a,completed,1788626229099,1788626231615,1788626919704,1,,
8ef11a3c-76dd-4739-b815-b73cb4e509d4,completed,1788625706232,1788625709010,1788626185719,1,,
2d2d9943-f674-42c8-a08d-d742ade1c4ca,completed,1788625135799,1788625138680,1788625663156,1,,
71a3ec3a-672e-4294-9cc5-96c773f3ce60,completed,1788624654883,1788624657968,1788625095850,1,,
de655548-6ad5-4ca8-8637-1cc7a91fcd36,completed,1788624225086,1788624228208,1788624614725,1,,
0be70695-9cea-42f5-b5e4-ac26ac48e30f,completed,1788617808282,1788617810944,1788618441102,1,,
8e02b37a-7669-47b2-943a-f20c0ef4f9c6,completed,1788617075553,1788617078587,1788617766625,1,,
b7663d18-ee2e-44bc-8469-472863e34ba3,completed,1788613812134,1788613815152,1788614290604,1,,
18856fe7-2d12-460c-a6ec-6dce77afc5bd,completed,1788612837944,1788612840664,1788613778560,1,,
aa50f8c9-20c4-4a9b-b702-2531c7053691,completed,1788612366113,1788612369211,1788612807085,1,,
e8b4a96a-ce8b-41e5-a9f3-8c6e330a8e16,completed,1788611777133,1788611780221,1788612351474,1,,
4d565c73-ebf0-4f0b-aeb1-899f1bfa6983,completed,1788611743678,1788611746789,1788612322086,1,,
b3b9af3c-6937-4bfe-a7c8-659ab1d7fb59,completed,1788610839782,1788610968193,1788611710564,1,,
f714d794-8a17-4a1e-be1d-0a8414aead2c,completed,1788610465138,1788610467791,1788610808787,1,,
2e9126b3-1238-414e-b6f3-17ffb41cf797,completed,1788609911012,1788609913430,1788610437579,1,,
baa8bc2e-13da-4992-bc9d-cd57c7e66015,completed,1788609349015,1788609351422,1788609875263,1,,
f09322ae-ae7d-4429-a626-2f0a2c3a026a,completed,1788608866652,1788608868952,1788609306971,1,,
f84266f2-bbb8-4054-b76e-32c007020f40,completed,1788594899305,1788594901849,1788595789483,1,,
2a97cb3a-bf46-4431-8ba5-3e3faac7399f,completed,1788593861746,1788593864078,1788594793899,1,,
75280959-37fb-4999-b52d-8e06c06e1e91,completed,1788593347057,1788593425531,1788593612109,1,,
87c4a0d4-12d7-4c91-ad00-756b4c38d973,completed,1788591472381,1788591474051,1788591505509,1,,
f490100e-09f4-4b2a-9aed-7c3084828816,completed,1788590400903,1788590402293,1788590433565,1,,
581d26a0-a3a4-4242-a993-b19a5547de48,completed,1788590348803,1788590350340,1788590399206,1,,
b8271c64-0c0c-4d01-8f54-6a053358de73,completed,1788586387816,1788586389416,1788586485223,1,,
0c075fe5-e1b2-4386-ad8a-7367cadb3990,completed,1788586387209,1788586388701,1788586454825,1,,
ab3f5525-9973-41d4-8339-7d6b2049fb63,completed,1788586386575,1788586388114,1788586415008,1,,
ee4bfe9a-35c8-4b04-b266-82232591e7fb,completed,1788586060817,1788586062347,1788586095258,1,,
dde493d6-0d21-4698-b493-d4e4ba5abfdf,completed,1788585927621,1788585929010,1788585961492,1,,
b4a6f858-b92d-42e5-b407-9361574c5b28,completed,1788585239003,1788585241029,1788585273463,1,,
31d0211d-b47b-49de-bb09-8dac93c2dd60,completed,1788584956249,1788584957799,1788584990670,1,,
66a54a6a-ed1f-4a40-9bcb-c8b97ea7f279,completed,1788584305133,1788584307116,1788584335889,1,,
f2a18231-d3cb-428a-96a0-5c4ab2541fa0,completed,1788584112097,1788584113589,1788584146063,1,,
78431282-1e0a-4ddb-8bfe-3f2149acc8e5,completed,1788575899454,1788575900814,1788575927530,1,,
fde7dd60-3806-4ee7-af6b-c59c6695240b,completed,1788575701015,1788575702805,1788575735391,1,,
3aec678a-6e37-49a7-b04e-76f19f801a4a,completed,1788574786884,1788574788454,1788574885705,1,,
8b37d600-da99-419d-bbe6-3e8ef74f9e0c,completed,1788574786195,1788574787557,1788574853746,1,,
232c333d-adfe-429b-974d-a5064a212e31,completed,1788574785433,1788574787040,1788574814083,1,,
a0a4a03e-9a35-43af-91ef-bd16531641f5,completed,1788574290201,1788574291843,1788574324543,1,,
f773dbf4-cd09-4ff4-b789-07f59392f672,completed,1788571845960,1788571847394,1788571875152,1,,
af854782-1ad4-46a2-8c25-5030a4d44974,completed,1788571686218,1788571688142,1788571720614,1,,
b3120f7a-9894-431b-b295-c1f384f17c90,completed,1788571531849,1788571533832,1788571560613,1,,
b072e828-a2f1-4092-b3ca-b0eb449834bf,completed,1788571299912,1788571301448,1788571333894,1,,
b913b8b6-6083-44ef-a486-2d5444c9dc6f,completed,1788571200627,1788571202228,1788571235152,1,,
da770d8c-9d73-478d-9acd-40e775d461d0,completed,1788571101153,1788571102525,1788571135433,1,,
82f4e0b8-619d-453c-8450-7b3e61d9ea45,completed,1788570906578,1788570908307,1788570936955,1,,
12e5c337-670d-4a9f-b255-e125258845c6,completed,1788570792770,1788570794419,1788570827218,1,,
cc73b60e-c8c5-436f-b895-23c1981b0976,completed,1788570439609,1788570441133,1788570473990,1,,
4528ddda-2797-48fc-b15a-5793b6a99835,completed,1788570350336,1788570352092,1788570384961,1,,
9be8d587-3ffb-447d-aef3-5737eb2fdbc8,completed,1788570271106,1788570273005,1788570339163,1,,
d7284e93-667f-4308-afad-8607192b916a,completed,1788570229368,1788570231005,1788570298428,1,,
91b63a67-38bc-4d6b-aac8-801edbe0e247,completed,1788570218494,1788570220484,1788570262744,1,,
42d5af9a-f06b-407e-ac26-2e246997f2ee,completed,1788570196142,1788570197799,1788570231115,1,,
3e39f963-2041-44a6-bafb-4c2fd0415b40,completed,1788569978323,1788569980244,1788570013110,1,,
87c503e7-51fa-49a6-91d7-c1bfe6a38180,completed,1788569940860,1788569942258,1788569974792,1,,
b03930fc-32f8-4e84-803c-58fd880b4d96,completed,1788569845892,1788569847771,1788569874398,1,,
36b2033f-000e-495b-af5b-631fa3048124,completed,1788569808585,1788569810220,1788569842723,1,,
529c78b5-e14e-4182-adf6-e8734ef72792,completed,1788569713160,1788569715131,1788569750407,1,,
99831e25-a0e9-44f1-95d5-7339c551a196,completed,1788569666231,1788569668068,1788569703022,1,,
f41d76c1-af24-4ee3-a4b6-01f5304ed249,completed,1788568699786,1788568701360,1788568734515,1,,
413d6c22-dd64-4eb2-8745-e926a6be909f,failed,1788568611002,,,0,,
09a1dd79-3b87-4b36-bdde-bd3826dd4ec3,failed,1788566846680,1788566861425,1788566863583,0,,
738d21a3-0cd3-4b4a-8b79-7a184e00674f,failed,1788566149795,1788566152340,1788566159564,0,,
10344cf5-208a-4927-96ca-1283ba74a9c1,failed,1788566037136,1788566067543,1788566082828,0,,
86de9559-e735-4b32-95f0-f847be0f0020,completed,1788547030623,1788547032552,1788547060882,1,,
a14af43d-3eed-4899-bc1d-ae85daefe679,completed,1788546932834,1788546935887,1788546969136,1,,
70512df6-300d-4d91-82d0-018e37154f04,completed,1788546653268,1788546655151,1788546845713,1,,
de16605c-03e9-4546-b8bf-58a053188436,failed,1788546310734,,,0,,
c67db93d-5a13-410f-8a7f-06f740021b7e,completed,1788537447002,1788537448908,1788537488242,1,,
23703d28-b5c7-4133-9fdb-2978c594b2b3,failed,1788536738408,1788536739882,1788536739985,0,,
eb38a180-6edd-48af-9fab-13b58c41ad1b,failed,1788535326307,,,0,,
ef42ec76-c11a-4c88-bd96-d3e85ce69921,failed,1788535312893,,,0,,
dbdd4a55-031f-4756-af88-b02e0cdd59c5,failed,1788535294183,,,0,,
431eef6e-1b11-4454-b789-fb600ab9cee0,failed,1788534204103,,,0,,
792d6b42-69eb-4e7c-a8fb-15ecda64597f,failed,1788534173507,,,0,,
c9b509c4-76bb-43f1-b4f0-eaeb2c7405ab,failed,1788534150067,,,0,,
d58888cf-69a8-4dfe-a4d7-b9b4e56dd08a,failed,1788533875248,1788533877359,1788533877863,0,,
5be62bb2-198c-4f74-be7f-11acd00fac2b,failed,1788533781935,1788533783930,1788533784063,0,,
59746a33-872c-4ef2-a96c-7df85ef09907,failed,1788533673416,,,0,,
0005e949-28d8-4363-b745-9cbfb5cdfff6,failed,1788533657240,,,0,,
321ff707-7ee2-460b-9372-2c74ef5509ac,failed,1788533634031,,,0,,
16d6c22a-b1f7-4da1-bd13-72fe2051be12,failed,1788532665610,,,0,,
eb563b70-214a-4409-83b9-6ec2eec3a257,failed,1788532656569,,,0,,
